{"config":{"nSteps":50,"nEpochs":10,"policyLearningRate":0.001,"valueLearningRate":0.001,"clipRatio":0.2,"targetKL":0.01,"useSDE":false,"netArch":{"pi":[32,32],"vf":[32,32]},"activation":"relu","verbose":0},"env":{"actionSpace":{"class":"Discrete","n":4,"dtype":"int32"},"observationSpace":{"class":"Box","shape":[2],"dtype":"float32"},"state":[-0.4713019401735279,-0.143092850034096],"i":0},"numTimesteps":1000,"lastObservation":[-0.4713019401735279,-0.143092850034096],"buffer":{"observationBuffer":[[0.06824148441632016,-0.32750522085215006],[0.05824148441632016,-0.32750522085215006],[0.06824148441632016,-0.32750522085215006],[0.07824148441632016,-0.32750522085215006],[0.07824148441632016,-0.33750522085215007],[0.06824148441632016,-0.33750522085215007],[0.06824148441632016,-0.3475052208521501],[0.05824148441632016,-0.3475052208521501],[0.05824148441632016,-0.3575052208521501],[0.04824148441632016,-0.3575052208521501],[0.05824148441632016,-0.3575052208521501],[0.05824148441632016,-0.3475052208521501],[0.06824148441632016,-0.3475052208521501],[0.07824148441632016,-0.3475052208521501],[0.07824148441632016,-0.33750522085215007],[0.06824148441632016,-0.33750522085215007],[0.07824148441632016,-0.33750522085215007],[0.08824148441632015,-0.33750522085215007],[0.08824148441632015,-0.32750522085215006],[0.09824148441632015,-0.32750522085215006],[0.09824148441632015,-0.33750522085215007],[0.09824148441632015,-0.32750522085215006],[0.08824148441632015,-0.32750522085215006],[0.08824148441632015,-0.31750522085215005],[0.08824148441632015,-0.32750522085215006],[0.08824148441632015,-0.33750522085215007],[0.09824148441632015,-0.33750522085215007],[0.09824148441632015,-0.3475052208521501],[0.08824148441632015,-0.3475052208521501],[0.07824148441632016,-0.3475052208521501],[0.07824148441632016,-0.33750522085215007],[0.07824148441632016,-0.3475052208521501],[0.08824148441632015,-0.3475052208521501],[0.08824148441632015,-0.3575052208521501],[0.07824148441632016,-0.3575052208521501],[0.07824148441632016,-0.3675052208521501],[0.06824148441632016,-0.3675052208521501],[0.06824148441632016,-0.3575052208521501],[0.06824148441632016,-0.3475052208521501],[0.06824148441632016,-0.33750522085215007],[0.05824148441632016,-0.33750522085215007],[0.04824148441632016,-0.33750522085215007],[0.04824148441632016,-0.32750522085215006],[0.04824148441632016,-0.31750522085215005],[0.03824148441632016,-0.31750522085215005],[0.03824148441632016,-0.32750522085215006],[0.028241484416320156,-0.32750522085215006],[0.018241484416320154,-0.32750522085215006],[0.008241484416320154,-0.32750522085215006],[0.008241484416320154,-0.31750522085215005]],"actionBuffer":[2,3,3,0,2,0,2,0,2,3,1,3,3,1,2,3,3,1,3,0,1,2,1,0,0,3,0,2,2,1,0,3,0,2,0,2,1,1,1,2,2,1,1,2,0,2,2,2,1,3],"rewardBuffer":[-0.33264356328122757,-0.3345393398103704,-0.33672154604225263,-0.34645563061686246,-0.34433511917578413,-0.354142314211172,-0.3523520242974603,-0.3622182400757326,-0.3607453724654478,-0.3622182400757326,-0.3523520242974603,-0.354142314211172,-0.35620444747808927,-0.34645563061686246,-0.34433511917578413,-0.34645563061686246,-0.34885001601613014,-0.3391846536289802,-0.3419225920376389,-0.3515126788080064,-0.3419225920376389,-0.3391846536289802,-0.32953926145509316,-0.3391846536289802,-0.34885001601613014,-0.3515126788080064,-0.36112500298348726,-0.35853373354748264,-0.35620444747808927,-0.34645563061686246,-0.35620444747808927,-0.35853373354748264,-0.36823435813153055,-0.36596681928859875,-0.3757416895118998,-0.37378735605813435,-0.3639600021044723,-0.354142314211172,-0.34433511917578413,-0.3424935687125746,-0.34093549964934516,-0.3310391374204954,-0.3211491959931749,-0.31979990056086044,-0.3297303152817151,-0.32872062777905015,-0.3280128373084298,-0.32760890059764863,-0.31761216496500416,-0.3180287990451233],"valueBuffer":[[[-10.933012962341309]],[[-11.002053260803223]],[[-10.933012962341309]],[[-10.863974571228027]],[[-10.90182113647461]],[[-10.970863342285156]],[[-11.010210990905762]],[[-11.080967903137207]],[[-11.120676040649414]],[[-11.191433906555176]],[[-11.120676040649414]],[[-11.080967903137207]],[[-11.010210990905762]],[[-10.939671516418457]],[[-10.90182113647461]],[[-10.970863342285156]],[[-10.90182113647461]],[[-10.832781791687012]],[[-10.794933319091797]],[[-10.7258939743042]],[[-10.763744354248047]],[[-10.7258939743042]],[[-10.794933319091797]],[[-10.757083892822266]],[[-10.794933319091797]],[[-10.832781791687012]],[[-10.763744354248047]],[[-10.801591873168945]],[[-10.870633125305176]],[[-10.939671516418457]],[[-10.90182113647461]],[[-10.939671516418457]],[[-10.870633125305176]],[[-10.90848159790039]],[[-10.979158401489258]],[[-11.018867492675781]],[[-11.089625358581543]],[[-11.049918174743652]],[[-11.010210990905762]],[[-10.970863342285156]],[[-11.041259765625]],[[-11.112019538879395]],[[-11.072310447692871]],[[-11.033243179321289]],[[-11.103361129760742]],[[-11.143068313598633]],[[-11.213827133178711]],[[-11.284585952758789]],[[-11.35534381866455]],[[-11.315635681152344]]],"logprobabilityBuffer":[-1.1091363430023193,-1.5161727666854858,-1.518688678741455,-1.5046162605285645,-1.1039941310882568,-1.5057671070098877,-1.1034189462661743,-1.507154941558838,-1.102892279624939,-1.5193266868591309,-1.4765236377716064,-1.5199534893035889,-1.5222753286361694,-1.4779809713363647,-1.1039941310882568,-1.5204839706420898,-1.5226285457611084,-1.4779200553894043,-1.5228583812713623,-1.505336880683899,-1.4793281555175781,-1.1018028259277344,-1.4764447212219238,-1.5040391683578491,-1.5048823356628418,-1.5246926546096802,-1.5061876773834229,-1.0962432622909546,-1.0988001823425293,-1.4779809713363647,-1.505600094795227,-1.5244231224060059,-1.5065805912017822,-1.096022605895996,-1.5075796842575073,-1.095455288887024,-1.4795137643814087,-1.4780361652374268,-1.476562738418579,-1.10627281665802,-1.1087428331375122,-1.471415400505066,-1.4698213338851929,-1.1171332597732544,-1.5064681768417358,-1.1165159940719604,-1.118835210800171,-1.1211585998535156,-1.4622142314910889,-1.5016467571258545],"advantageBuffer":[-0.9504368290578019,-0.8866120375631928,-0.9569427170619282,-1.0287910583366957,-0.9866288868249324,-0.9128492634464012,-0.8550868372350537,-0.7641828325278898,-0.6895373365203845,-0.5807251292327636,-0.6071396725372395,-0.6132148589231392,-0.648794001454047,-0.6835796081867156,-0.6967826367970371,-0.6046661161546467,-0.6446898721734198,-0.6840965581505308,-0.7036559827214198,-0.7527683544658905,-0.6865738816348137,-0.7027953575484348,-0.6145208580983837,-0.639131085790023,-0.5786400984516862,-0.5048513079351107,-0.5319894452446913,-0.44241270897669843,-0.3187009458502966,-0.19024539042174854,-0.1722380139741054,-0.06632583257128363,-0.059651243143238504,0.06596935054087573,0.2299859121773986,0.38235887629132126,0.5733238907066245,0.6540866611323911,0.7303505623850913,0.8022047086148978,0.987938469875192,1.1834823242306118,1.2690393572775536,1.350975214212904,1.5473634132820668,1.734882682925689,1.9641838769176987,2.206548061119441,2.463110598635582,2.6134471498773526],